2026-10-07 03:13:24,788,7.88,7.88,7.88,GENESIS,7d191ff666b93410ac40d7f73c2ca094fe623aff98f7d4eb557ef16ecf0e2097
2026-10-07 03:13:25,972,9.72,9.72,17.6,7d191ff666b93410ac40d7f73c2ca094fe623aff98f7d4eb557ef16ecf0e2097,d4e02dec4d875480ad90d91b5a37549337a2b949443de9a4562261157683386e
2026-10-07 03:13:26,757,7.57,7.57,25.17,d4e02dec4d875480ad90d91b5a37549337a2b949443de9a4562261157683386e,53e1e9e2711fb23117496ae12ac57228e375779c4e8df698af6627b5f5f03a45
2026-10-07 03:13:27,240,2.4,2.4,27.57,53e1e9e2711fb23117496ae12ac57228e375779c4e8df698af6627b5f5f03a45,d698260c88fa75b428c603820d0c41ca6b56633b0ee8875c1fcd98c8ca4e2691
2026-10-07 03:13:28,922,9.22,9.22,36.79,d698260c88fa75b428c603820d0c41ca6b56633b0ee8875c1fcd98c8ca4e2691,c5036bc90dd69c43130c580035a6e7f0da794044b9c71686e8c1b2d2707e276c
2026-10-07 03:13:29,509,5.09,5.09,41.88,c5036bc90dd69c43130c580035a6e7f0da794044b9c71686e8c1b2d2707e276c,37819b545d904b5bff8ef2e63082d491ee58f725b180add963c82f38c5a8344d
2026-10-07 03:13:30,474,4.74,4.74,46.62,37819b545d904b5bff8ef2e63082d491ee58f725b180add963c82f38c5a8344d,a48071f1a847166d47afb83f725b46f42e2b90bd62b80ca9046761e818acb871
2026-10-07 03:13:31,637,6.37,6.37,52.99,a48071f1a847166d47afb83f725b46f42e2b90bd62b80ca9046761e818acb871,df655e006c15f610317862381f4ede60b2a49f87e7ffa36d9eba93b6eaf37ced
2026-10-07 03:13:32,137,1.37,1.37,54.36,df655e006c15f610317862381f4ede60b2a49f87e7ffa36d9eba93b6eaf37ced,e21d738c89434793b32daa15c91a5f087e42516aae512393c155c170d6f55ec4
2026-10-07 03:13:33,356,3.56,3.56,57.92,e21d738c89434793b32daa15c91a5f087e42516aae512393c155c170d6f55ec4,bc84958053667c886c0ae676467aa3cbc9bfe6d276bbff4dab6c62b8f7bdaadd
